thenc,thence
thanksg,thanksgiving
thail,thailand
thickn,thickness
threes,threesome
thrus,thrust
thoroughl,thoroughly
thursd,thursday
thunderb,thunderbird
thyr,thyroid
toddl,toddler
tomatoe,tomatoes
tortu,torture
torna,tornado
torin,torino
tonig,tonight
tosse,tossed
toaste,toaster
timelines,timeliness
timberl,timberland
tiffa,tiffany
tiss,tissue
tivol,tivoli
tibeta,tibetan
tiav,tiava
twiste,twisted
traditionall,traditionally
transplanta,transplantation
transiti,transition
traffick,trafficking
traumat,traumatic
tryi,trying
trumpe,trumpet
treadm,treadmill
trento,trenton
trekk,trekking
trimm,trimmed
troublesh,troubleshooting
trolle,trolley
terrori,terroris
terres,terrestrial
technicall,technically
tempera,temperature
tempor,tempora
tedd,teddy
tehr,tehran
typede,typedef
typicall,typically
tablesp,tablespoons
tapest,tapestry
tailore,tailored
tacom,tacoma
taji,tajikistan
tuesd,tuesday
tucke,tucker
onese,oneself
ontol,ontology
origi,origin
oreg,oregon
orbi,orbit
ourse,ourselves
outerw,outerwear
ottom,ottoman
overlapp,overlapping
optionall,optionally
ownersh,ownership
oldsm,oldsmobile
occasionall,occasionally
obje,object
obviousl,obviously
ozo,ozone
oxfords,oxfordshire
omitt,omitted
ombu,ombudsman
anony,anonymous
annuall,annually
animalse,animalsex
armst,armstrong
armore,armored
arka,arkansas
arse,arsen
atmo,atmospher
ativ,ativan
atar,atari
atkinso,atkinson
atki,atkins
associ,associat
asnb,asnblock
allegedl,allegedly
alongs,alongside
alman,almanac
alexan,alexand
alask,alaska
alphabeticall,alphabetically
alphabeti,alphabetical
alphab,alphabet
algebrai,algebraic
aliase,aliases
absolutel,absolutely
abandone,abandoned
aber,aberdeen
abnormali,abnormalities
abno,abnormal
ameri,america
amongs,amongst
amort,amortization
amazingl,amazingly
amst,amsterdam
ammon,ammonia
addre,address
additionall,additionally
adversel,adversely
adventu,adventure
adequatel,adequately
adheren,adherence
availa,availab
avri,avril
afte,after
afghani,afghanistan
accordingl,accordingly
accompanyi,accompanying
accuratel,accurately
accidentall,accidentally
acclaime,acclaimed
actuall,actually
actresse,actresses
acade,academ
ackn,acknowledg
automatica,automatically
auxi,auxiliary
applyi,applying
approximatel,approximately
approxi,approximat
apprentices,apprenticeship
apparentl,apparently
apartm,apartment
agains,against
agric,agricultur
awaren,awareness
awaken,awakening
awes,awesome
aze,azerbaijan
aesth,aesthetic
aja,ajax
infosp,infospace
internationall,internationally
internall,internally
interestingl,interestingly
interferen,interference
interconnecti,interconnection
intentionall,intentionally
intenti,intention
intellectu,intellectual
introd,introduc
independentl,independently
indianap,indianapolis
indirectl,indirectly
indym,indymedia
increasingl,increasingly
incorrectl,incorrectly
inche,inches
incurr,incurred
instantl,instantly
inspirationa,inspirational
initi,initia
inherentl,inherently
islami,islamic
isol,isolat
ista,istanbul
isabell,isabella
itse,itself
italici,italicized
itun,itunes
importantl,importantly
immediatel,immediately
identifyi,identifying
idah,idaho
irani,iranian
ironica,ironically
illegall,illegally
illnesse,illnesses
icelandi,icelandic
icel,iceland
formall,formally
formerl,formerly
foreigne,foreigners
forthc,forthcoming
fortunatel,fortunately
forgott,forgotten
forgiven,forgiveness
forreste,forrester
fosteri,fostering
freedo,freedom
frequentl,frequently
frequ,frequen
friendsh,friendship
francesc,francesco
francisc,francisco
francoi,francois
fraudu,fraudulent
finni,finnish
fisti,fisting
fictiona,fictional
fullert,fullerton
furtherm,furthermore
functionali,functionality
funct,function
familiari,familiarity
faxe,faxes
facesi,facesitting
farmingt,farmington
faithf,faithful
fainte,fainter
fayettev,fayetteville
fewe,fewer
febr,february
federall,federally
femal,female
fellowsh,fellowship
fello,fellow
festi,festiv
ferna,fernand
floati,floating
flopp,floppy
flexi,flexib
flushi,flushing
fge,fgets
bellev,bellevue
bellso,bellsouth
beache,beaches
beautifull,beautifully
bedfords,bedfordshire
behavioura,behavioural
bernardi,bernardino
butterf,butterfl
bureauc,bureaucracy
burto,burton
bullsh,bullshit
bunke,bunker
buckinghams,buckinghamshire
bumpe,bumper
bache,bachelor
baseli,baseline
babyl,babylon
baldw,baldwin
baile,bailey
bamb,bamboo
bootst,bootstrap
booste,booster
boole,boolean
bothere,bothered
bothe,bother
botsw,botswana
bodyb,bodybuilding
boredo,boredom
bosse,bosses
bobb,bobby
bonuse,bonuses
bonni,bonnie
bouti,boutique
blaste,blaster
blogsh,blogshares
bleedi,bleeding
bigg,bigge
bilde,bilder
bitche,bitches
biolo,biolog
biotechn,biotechnology
biosy,biosynthesis
bizjournalsh,bizjournalshire
biase,biased
branche,branches
brazili,brazilian
breadt,breadth
brentw,brentwood
bbbo,bbbonline
bne,bnet
witche,witches
willingn,willingness
wildern,wilderness
wilkinso,wilkinson
winst,winston
wisel,wisely
washingt,washington
wanderi,wandering
wande,wander
warsa,warsaw
warwicks,warwickshire
wakef,wakefield
weldi,welding
wesleya,wesleyan
weaknesse,weaknesses
wetl,wetland
whatso,whatsoever
whiche,whichever
whispere,whispered
whene,whenever
wheato,wheaton
wholes,wholesale
worldse,worldsex
worryi,worrying
worcesters,worcestershire
woodst,woodstock
wonderfull,wonderfully
wrongf,wrongful
wso,wsop
wnb,wnba
wla,wlan
yourse,yoursel
yest,yesterday
yellows,yellowstone
yello,yellow
yugoslavi,yugoslavia
yumm,yummy
yyy,yyyy
nottinghams,nottinghamshire
northeaste,northeastern
northweste,northwestern
northamptons,northamptonshire
nordi,nordic
nonet,nonetheless
noki,nokia
nomi,nomin
netsc,netscape
nevert,nevertheless
neckl,necklace
negativel,negatively
neglecte,neglected
neona,neonatal
nede,nederland
namesp,namespace
nathani,nathaniel
natali,natalie
navigationa,navigational
nashv,nashville
nanot,nanotechnology
numerica,numerical
nutritiona,nutritional
nigeri,nigeria
nicel,nicely
nickelb,nickelback
nicholso,nicholson
nipp,nipple
nitrog,nitrogen
niel,nielsen
nvi,nvidia
hasti,hastings
harpe,harper
handicapp,handicapped
halfw,halfway
halog,halogen
haitia,haitian
hawaiia,hawaiian
hatchb,hatchback
homest,homestead
homelessn,homelessness
homosexuali,homosexuality
hollyw,hollywood
hollowa,holloway
hopefull,hopefully
honeym,honeymoon
hock,hockey
hereina,hereinafter
helme,helmet
headse,headset
heavyw,heavyweight
hepa,hepatitis
hete,heterogeneous
historicall,historically
historica,historical
histo,histor
hims,himself
hillsi,hillside
hitchc,hitchcock
hiera,hierarch
humoro,humorous
hughe,hughes
huntingt,huntington
huds,hudson
hutc,hutchinson
huan,huang
hyder,hyderabad
hkl,hklm
hva,hvac
moreo,moreover
mortali,mortality
morriso,morrison
mostl,mostly
moderni,modernization
modifyi,modifying
motivationa,motivational
motorsp,motorsport
moonl,moonlight
molec,molecul
moistu,moisture
mystica,mystical
mainst,mainstream
maide,maiden
marchi,marching
maryl,maryland
martiniq,martinique
mariet,marietta
marsha,marshal
marat,marathon
marvelo,marvelous
marlborou,marlborough
mattresse,mattresses
machi,machin
malays,malaysia
masonr,masonry
maes,maestro
maor,maori
messagesl,messageslog
membersh,membership
medicall,medically
mentall,mentally
meanti,meantime
metrop,metropoli
museu,museum
municipali,municipalit
mutuall,mutually
milest,milestone
milfse,milfseeker
microne,micronesia
micke,mickey
miam,miami
mitche,mitchell
msnb,msnbc
mcaf,mcafee
canoni,canonical
canoei,canoeing
candida,candidate
carefull,carefully
carso,carson
carryi,carrying
carbona,carbonate
camelt,cameltoe
campuse,campuses
cambridges,cambridgeshire
capsu,capsule
contribu,contribut
continuousl,continuously
continuall,continually
condosa,condosaver
confessi,confession
configu,configur
confidentiali,confidentiality
confidenti,confidential
constitutiona,constitutional
consistentl,consistently
consciousn,consciousness
convenientl,conveniently
conversel,conversely
copperm,coppermine
copen,copenhagen
compactf,compactflash
compassiona,compassionate
compassi,compassion
computationa,computational
complementa,complementary
complyi,complying
competitiven,competitiveness
commentsb,commentsblog
comman,command
comor,comoros
collectivel,collectively
colem,coleman
cornerst,cornerstone
coronar,coronary
coopera,cooperat
coope,cooper
coali,coalition
cocai,cocaine
clinicall,clinically
clinto,clinton
clayt,clayton
clanc,clancy
clearingh,clearinghouse
citys,citysearch
citizensh,citizenship
cisc,cisco
cide,cider
cett,cette
checksu,checksum
chemistr,chemistry
chesterf,chesterfield
charlest,charleston
charlottes,charlottesville
charse,charset
championsh,championship
chilea,chilean
chinat,chinatown
chipse,chipset
chopp,choppe
chronicl,chronicle
culturall,culturally
criticall,critically
cryptog,cryptography
cruelt,cruelty
crushe,crushed
craftsm,craftsman
craigs,craigslist
cvsr,cvsroot
cybers,cyberspace
cze,czech
usefuln,usefulness
usuall,usually
upco,upcoming
uptow,uptown
undergoi,undergoing
undefi,undefined
undou,undoubtedly
unive,univers
uniquel,uniquely
unlikel,unlikely
unanimousl,unanimously
unfortunatel,unfortunately
unusuall,unusually
unclea,unclear
uncovere,uncovered
unof,unofficial
ukr,ukrain
ultimatel,ultimately
ultimat,ultimate
utterl,utterly
ucl,ucla
uef,uefa
pagera,pagerank
partiall,partially
partnersh,partnership
parliamenta,parliamentary
pastora,pastoral
patche,patches
pantyh,pantyhose
paki,pakistan
pame,pamela
paxi,paxil
privatel,privately
priori,priorit
produ,produc
provenc,provence
proudl,proudly
prosec,prosecut
previousl,previously
prevaili,prevailing
preparedn,preparedness
precisel,precisely
practicall,practically
pract,practi
prudenti,prudential
peopleso,peoplesoft
persiste,persisten
periodica,periodical
permanentl,permanently
peruv,peruvian
petrole,petroleum
peacef,peaceful
postsc,postscript
politicall,politically
poisoni,poisoning
pornog,pornography
portsm,portsmouth
populari,popularity
potenti,potential
potatoe,potatoes
podc,podcast
playst,playstation
plym,plymouth
purel,purely
pussyc,pussycat
physicall,physically
physiolo,physiolog
phpb,phpbb
phantomn,phantomnode
picturesq,picturesque
pinkw,pinkworld
pitts,pittsburgh
pcmc,pcmcia
psyc,psych
psal,psalm
seaml,seamless
seriousl,seriously
selfi,selfish
severel,severely
sequ,seque
seou,seoul
situa,situat
significantl,significantly
sightse,sightseeing
sincerel,sincerely
sincer,sincere
simultaneousl,simultaneously
silentl,silently
sist,sister
sickn,sickness
somal,somalia
southeaste,southeastern
southweste,southwestern
sociol,sociology
solari,solaris
solom,solomon
sonye,sonyericsson
soari,soaring
sovereignt,sovereignty
soyb,soybean
statesm,statesman
statisticall,statistically
starsm,starsmerchant
starri,starring
staffords,staffordshire
storess,storesshop
storyt,storytelling
studyi,studying
structu,structur
strolle,stroller
straightf,straightforward
strawb,strawberry
strictl,strictly
stylesh,stylesheet
stephani,stephanie
steeler,steelers
steeri,steering
stevenso,stevenson
stewa,stewar
steine,steiner
stde,stderr
shoulde,shoulder
shallo,shallow
shakesp,shakespeare
systematica,systematically
syst,system
synch,synchron
successfull,successfully
supposedl,supposedly
supplyi,supplying
substantiall,substantially
subsequentl,subsequently
sublimed,sublimedirectory
sungl,sunglasses
surel,surely
surprisingl,surprisingly
sufficientl,sufficiently
suspende,suspended
suddenl,suddenly
scholarsh,scholarship
schemat,schematic
screami,screaming
scratche,scratches
scrapbooki,scrapbooking
scarfa,scarface
scatt,scatter
scente,scented
savesa,savesave
santan,santana
sandwiche,sandwiches
satisfyi,satisfying
specifyi,specifying
speeche,speeches
sperms,spermshack
sponsorsh,sponsorship
spongeb,spongebob
spanki,spanking
spamm,spammers
spreadsh,spreadsheet
spirituali,spirituality
smashi,smashing
smiths,smithsonian
smoothl,smoothly
skul,skull
skateboardi,skateboarding
sketche,sketches
swelli,swelling
swapp,swapping
swans,swansea
swallowi,swallowing
squadr,squadron
squirti,squirting
snowboardi,snowboarding
snaps,snapshot
slightl,slightly
slidesh,slideshow
slovaki,slovakia
slashd,slashdot
svens,svenska
doesn,doesnt
documen,document
domes,domestic
doin,doing
dought,doughty
doome,doomed
dodger,dodgers
dodg,dodge
dorad,dorado
davids,davidson
daven,davenport
darlingt,darlington
damne,damned
daug,daughter
develo,develop
devianta,deviantart
desperatel,desperately
decora,decorat
deliberatel,deliberately
dealersh,dealership
dealti,dealtime
definitel,definitely
defeate,defeated
demonst,demonstrat
derbys,derbyshire
denyi,denying
dext,dexter
direc,direct
digitall,digitally
disconnecte,disconnected
discretiona,discretionary
discarde,discarded
dispatche,dispatched
distresse,distressed
disneyl,disneyland
disagreem,disagreement
disappeare,disappeared
diese,diesel
dicken,dickens
dickso,dickson
dialogu,dialogue
diaze,diazepam
dinos,dinosaur
dimen,dimension
dipl,diploma
ditc,ditch
drunke,drunken
dramatica,dramatically
dwelli,dwelling
dwig,dwight
genesi,genesis
genuinel,genuinely
geographicall,geographically
geographica,geographical
geoffr,geoffrey
gemst,gemstone
gothi,gothic
godsm,godsmack
gorgeo,gorgeous
groomi,grooming
greensb,greensboro
greyh,greyhound
graduall,gradually
gracef,graceful
grassr,grassroots
galer,galerie
gazet,gazette
guessi,guessing
gian,giant
gloryh,gloryhole
glowi,glowing
gloucesters,gloucestershire
gladl,gladly
gzi,gzip
gwe,gwen
viewso,viewsonic
vietname,vietnamese
vietn,vietnam
virtuall,virtually
viruse,viruses
vincen,vincent
vitali,vitality
vipe,viper
verticall,vertically
verifyi,verifying
varyi,varying
vati,vatican
voyeurw,voyeurweb
vona,vonage
vort,vortex
vsn,vsnet
vbu,vbulletin
emotionall,emotionally
emble,emblem
emman,emmanuel
easys,easyshare
earthq,earthquake
educationa,educational
educa,educat
eventuall,eventually
evidentl,evidently
evalu,evaluat
evansv,evansville
evolutiona,evolutionary
entrepreneursh,entrepreneurship
entrep,entrepreneur
environmentall,environmentally
environm,environment
enume,enumeration
estee,esteem
explicitl,explicitly
exactl,exactly
excell,excellen
exceptionall,exceptionally
excepti,exception
excessi,excessive
exclusivel,exclusively
execu,execut
exempti,exemption
externall,externally
externa,external
extensivel,extensively
ethnici,ethnicity
ethano,ethanol
electronical,electronically
eleme,element
elizab,elizabeth
elisab,elisabeth
europea,european
economicall,economically
echoe,echoes
ecst,ecstasy
eras,erase
efficientl,efficiently
egypti,egyptian
eja,ejaculation
listse,listserv
linksy,linksys
lincolns,lincolnshire
literall,literally
liverp,liverpool
livings,livingston
libst,libstdc
limou,limousine
licki,licking
lieut,lieutenant
lipst,lipstick
liza,lizard
landsc,landscap
latera,lateral
lakesi,lakeside
labora,laborator
ladyb,ladyboy
lonel,lonely
looksm,looksmart
loosel,loosely
logica,logical
losse,losses
lorenz,lorenzo
lobbyi,lobbying
loyalt,loyalty
levera,leverag
leadersh,leadership
leafl,leaflet
leani,leaning
leste,lester
legall,legally
lense,lenses
lendingt,lendingtree
leed,leeds
leicesters,leicestershire
lect,lecture
leuk,leukemia
lympho,lymphoma
lunche,luncheon
lugg,luggage
luthera,lutheran
lumpu,lumpur
xbo,xbox
xpr,xpress
xli,xlibs
jungl,jungle
japane,japanese
javas,javascript
jacksonv,jacksonville
jackso,jackson
johannesb,johannesburg
johanne,johannes
josephi,josephine
joshu,joshua
jerki,jerking
jing,jingle
jdb,jdbc
revolutiona,revolutionary
respectivel,respectively
respectfull,respectfully
reportedl,reportedly
replicat,replication
republica,republican
repaym,repayment
repeatedl,repeatedly
repeale,repealed
relationsh,relationship
relyi,relying
retros,retrospective
regularl,regularly
recentl,recently
recessi,recession
recreationa,recreational
rechargea,rechargeable
redirecte,redirected
redsk,redskins
refreshi,refreshing
remotel,remotely
rehabi,rehabilitation
rebuildi,rebuilding
righteousn,righteousness
riversi,riverside
richardso,richardson
ripen,ripencc
rarel,rarely
raide,raider
ramad,ramada
ramse,ramsey
ramone,ramones
roofi,roofing
roadsi,roadside
roaste,roasted
roches,rochester
robertso,robertson
rober,robert
robins,robinson
roughl,roughly
rosenb,rosenberg
ruthe,rutherford
rwa,rwanda
knowingl,knowingly
knoxv,knoxville
knitt,knitting
keyst,keystone
kentu,kentucky
kevi,kevin
kerne,kernel
kingst,kingston
kimb,kimberly
kayaki,kayaking
kaya,kayak
kais,kaiser
qualifyi,qualifying
questi,question
queensl,queensland
quotat,quotation
quietl,quietly
quizz,quizzes
zipp,zipper
zerod,zerodegrees
zeni,zenith
zuri,zurich
zha,zhang
